Sentence|Grade_cezio|Grade_evandro|Grade_mateus
A queda, próxima a 9%, atingiu os dois componentes desse índice, intenções atuais e intenções futuras, interrompendo o movimento de recuperação que se observava a partir dos níveis mínimos alcançados em junho, sob o impacto do início do racionamento de energia.|-1|-3|-2
Considerada a série observada, o Nuci apresentou expansão de 0, 4   em relação a agosto de 2011, resultado de elevações de 3, 6   em bens de consumo não duráveis e de 2   em bens de consumo duráveis, em oposição ao decréscimo nos indicadores das indústrias de material de construção, 1, 6; de bens de capital, 1, 2; e de bens intermediários, 0, 3.|0|-1|-2
Dito de outra forma, taxas de inflação elevadas não trazem qualquer resultado duradouro em termos de crescimento da economia e do emprego, mas, em contrapartida, trazem prejuízos permanentes para essas variáveis no médio e no longo prazo.|-2|0|-1
Em particular, a expectativa de uma redução no déficit em Conta Corrente e uma melhora no financiamento externo do país, amparadas pelos ajustes das políticas monetária e cambial, contribuíram para uma valorização do real e para a redução do risco Brasil.|1|-1|-2
Em particular, cabe à política monetária atuar para que impactos inicialmente localizados sobre os índices de preços não levem, por meio de uma piora das expectativas, à deterioração persistente da dinâmica inflacionária.|-2|0|-1
Em relação à reunião anterior, as projeções de curto prazo se mantêm relativamente estáveis, com os impactos da depreciação do real e da alta nos preços das commodities sendo compensados por revisões em alguns componentes da inflação de serviços.|1|-1|0
Entretanto, o Copom considerou que a terceira condição deixou de ser satisfeita, pois as expectativas de inflação, assim como as projeções de inflação de seu cenário básico, estão suficientemente próximas da meta de inflação para o horizonte relevante de política monetária.|1|-1|0
Já a inflação medida pelo Índice de Preços ao Consumidor (IPC), segundo componente mais importante do IGP-DI, ficou em 5, 37% em doze meses até junho (6, 40% em junho de 2011).|1|0|-2
No cenário com trajetórias para as taxas Selic e de câmbio extraídas da pesquisa Focus, as projeções do Copom situam-se em torno de 4, 4% para 2018, 4, 2% para 2019 e 3, 7% para 2020.|1|0|-2
Para os setores de bens de consumo, bens de capital e material de construção, as taxas de utilização encontravam-se em março 4, 3, 4, 4 e 3, 4   acima daquelas observadas no mesmo mês de 2007, respectivamente.|-1|-3|-2
Para reuniões além da próxima, salvo mudanças adicionais relevantes no cenário básico e no balanço de riscos para a inflação, o Comitê vê como adequada a interrupção do processo de flexibilização monetária, visando avaliar os próximos passos, tendo em vista o horizonte relevante naquele momento.|-1|0|1
