data,sentenca,inflation,related,Grade_01,Grade_02,Grade_03,Grade_04,Grade_05,Grade_06,Grade_07,Grade_08,Grade_09
2007-06-06,"Em relação à política fiscal, as projeções levam em conta o cumprimento da meta de superávit primário de 3, 8% do Produto Interno Bruto (PIB) em 2007 e em 2008, ajustada pela possibilidade de que esse percentual seja reduzido em até 0, 45, em virtude da implementação do Programa Piloto de Investimentos.",0.6123893116192201,n,n,n,n,n,n,n,y,y,y
2019-05-08,"Os membros do Copom debateram, também, outros fatores que poderiam restringir o crescimento econômico, diante da necessidade de ajustes profundos na economia brasileira, especialmente os de natureza fiscal.",0.6589895485720942,n,n,n,n,n,n,n,y,y,y
2002-01-23,"A produção industrial, retirados os efeitos sazonais, apresentou elevação de 1, 5% em novembro, após queda de 1, 9% em outubro, explicada, em parte, pela paralisação dos petroleiros naquele mês.",0.6203874456982413,n,n,n,n,n,n,n,y,y,y
2000-06-20,"As operações com cartão de crédito caíram 2, 3% em maio, depois de subirem 6, 5% em abril, enquanto o volume de cheques compensados aumentou 0, 6% no mês, ante 0, 9% no mês anterior.",0.6587965989389569,n,n,n,n,n,n,n,y,y,y
2009-10-21,"A contribuição da absorção doméstica para o crescimento do produto foi negativa em 1, 9   no segundo trimestre de 2009, comparativamente ao mesmo período do ano anterior, sobrepondo-se à contribuição positiva de 0, 7   exercida pelo setor externo.",0.6447397632871683,n,n,n,n,n,n,n,y,y,y
2011-01-19,"A evolução interanual decorreu de elevações nas vendas em todos os segmentos considerados na PMC, com destaque para os relativos a veículos e motos, partes e peças, 30, 3%; livros, jornais, revistas e papelaria, 23, 2%; e móveis e eletrodomésticos, 20, 5%.",0.588501647682306,y,n,n,n,n,n,y,y,y,y
2000-03-22,"A taxa de desemprego elevou-se de 4% em janeiro para 4, 1% em fevereiro, enquanto os rendimentos médios por hora aumentaram 3, 6% em relação a fevereiro de 1999.",0.6006421018462418,n,n,n,n,n,n,n,y,y,y
2016-01-20,"Essas mudanças, somadas a outras ora em curso, antecipam uma composição do crescimento da demanda agregada no médio prazo mais favorável ao crescimento potencial.",0.6365402743628265,n,n,n,n,n,n,n,y,y,y
2008-09-10,"A recuperação da produção de bens de capital em junho e julho mais que compensou a forte queda ocorrida em maio, evidenciando o dinamismo desse segmento, que tem decorrido, principalmente, da consolidação das perspectivas favoráveis à continuidade da estabilidade macroeconômica.",0.6385588931514178,y,n,n,n,n,n,n,y,y,y
2001-07-18,"Após ligeira recuperação no primeiro trimestre, o saldo da balança comercial foi deficitário em US$ 2, 7 bilhões em abril, com a variação anual de 11, 62% das importações superando a das exportações, 7, 31%.",0.6793506770129522,n,n,n,n,n,n,n,y,y,y
2006-07-19,O Copom avalia que a atuação cautelosa da política monetária tem sido fundamental para aumentar a probabilidade de convergência da inflação para a trajetória de metas.,0.5355334932945814,y,n,n,n,n,n,y,y,y,y
2025-05-07,"As expectativas de inflação, medidas por diferentes instrumentos e obtidas de diferentes grupos de agentes, mantiveram-se acima da meta de inflação em todos os horizontes, tornando o cenário de inflação mais adverso.",0.5848218991612957,y,n,n,n,n,n,y,y,y,y
2001-02-14,"O reajuste total da energia elétrica previsto para 2001 passou de 12% para 15, 8%, com aumentos maiores nos dois últimos trimestres.",0.72768390084444,y,n,n,n,n,n,n,n,y,y
1999-07-28,"Ao final da reunião, foi lembrado que o Comitê voltaria a se reunir em 1º de setembro de 1999, às 16: 30 h, conforme estabelecido no Calendário das Reuniões Ordinárias do COPOM, divulgado pelo Comunicado nº 6.",0.8096756748044229,n,n,n,n,n,n,n,n,n,y
2005-01-19,"Dados recentes nesse sentido contribuíram para a subida do petróleo no mercado internacional, anulando parte das reduções verificadas no último trimestre do ano passado.",0.6901792930191366,y,n,n,n,n,n,n,y,y,y
2013-11-27,"Ainda de acordo com a PME, o rendimento médio real habitual cresceu 1, 8% em outubro, comparado a igual mês do ano anterior, enquanto a massa salarial real aumentou 1, 4% na mesma base de comparação.",0.6078411564164844,n,n,n,n,n,n,n,y,y,y
2000-02-16,"Com relação aos leilões ocorridos em dezembro, houve um acréscimo, de 20 para 26%, na parcela da liquidação financeira realizada por meio de créditos securitizados.",0.6775503924243879,n,n,n,n,n,n,n,y,y,y
2000-01-19,"Em dezembro, houve recuo do desemprego para 6, 28%, em comparação a 7, 32% em novembro, refletindo aumento de 0, 84% do número de ocupados e redução de 0, 29% na População Economicamente Ativa.",0.6752437849603344,n,n,n,n,n,n,n,y,y,y
2003-08-20,"O núcleo de inflação para o IPCA, calculado por exclusão de alimentos no domicílio e preços monitorados, variou 0, 37% em julho, ante 0, 52% em junho.",0.5451326146814215,y,n,n,n,n,n,y,y,y,y
2005-01-19,"Entre os preços livres, deverá ser menor o efeito favorável do grupo alimentação, sobretudo no que se refere à evolução dos preços dos produtos, além da continuidade das pressões de preços de carnes e dos artigos de vestuário.",0.6722689116560928,y,n,n,n,n,n,n,y,y,y
2013-08-28,"O saldo diário médio do estoque total dos compromissos de recompra do Banco Central aumentou de R$700, 0 bilhões, entre 28 de maio e 8 de julho, para R$706, 7 bilhões, entre 9 de julho e 26 de agosto.",0.6401362307487116,n,n,n,n,n,n,n,y,y,y
2002-05-22,"Os indicadores do apontam na mesma direção, com recuo do índice de confiança do consumidor de 110, 7, em março, para 108, 8, em abril, e queda de 0, 4% no indicador antecedente, o primeiro declínio em seis meses.",0.7004127438031953,n,n,n,n,n,n,n,n,y,y
2002-12-18,"A manutenção do consumo deve-se principalmente a fatores conjunturais, como as parcelas de liberação do FGTS, o pagamento do 13º salário e a melhora nas expectativas futuras.",0.6336763493122541,y,n,n,n,n,n,n,y,y,y
2013-05-29,"Considerando dados observados, a produção cresceu 30, 7% em relação a abril de 2012, 17% no acumulado do ano, e 6, 7% no período de doze meses encerrado em abril.",0.685505838865884,n,n,n,n,n,n,n,y,y,y
2012-11-28,"No que se refere ao crescimento acumulado em doze meses até setembro, a produção de bens de consumo duráveis variou-7, 0%; a de bens de consumo semiduráveis e não duráveis,-0, 7%; a de bens de capital,-9, 6%; e a de bens intermediários,-1, 9%.",0.5979387549097114,n,n,n,n,n,n,y,y,y,y
2016-06-08,"Por sua vez, as exportações líquidas apresentam melhor resultado, seja pelo aumento das exportações, beneficiadas pela depreciação do real, seja pelo processo de substituição de importações em curso.",0.682693255940874,n,n,n,n,n,n,n,y,y,y
1998-09-02,"Na sua relação com o PIB, o superávit primário acumulado no ano, até o mês de maio (0, 91%), inverteu-se para déficit de 0, 08%, enquanto no conceito nominal, o déficit elevou-se de 6, 46% para 7, 47%.",0.5972802592688883,n,n,n,n,n,n,y,y,y,y
2007-07-18,"Na ótica da oferta, considerando dados dessazonalizados, a produção agropecuária recuou 2, 4% no primeiro trimestre, em relação ao trimestre anterior, enquanto nos segmentos indústria e serviços registram-se crescimentos respectivos de 0, 3% e 1, 7%.",0.6475759532299706,n,n,n,n,n,n,n,y,y,y
2003-09-17,A mediana das expectativas de inflação dos analistas de mercado coletadas pela Gerência Executiva de Relacionamento com Investidores (Gerin) ficou praticamente estável desde a reunião de agosto do Copom.,0.6139538733949607,y,n,n,n,n,n,n,y,y,y
2006-07-19,"O Índice de Preços ao Consumidor – Brasil (IPC-Br) recuou 0, 4% no mês, ante-0, 19% em maio, evidenciando a queda mais acentuada dos preços do grupo alimentação, que passou de-0, 94%, em maio, para-1, 68%, em junho.",0.5661063820249106,y,n,n,n,n,n,y,y,y,y
2000-05-24,"O nível médio de utilização da capacidade instalada, embora elevado em alguns setores específicos, é consistente com o desempenho da indústria e o aumento na intenção de investimentos para a ampliação da capacidade não permite prever descompasso da oferta.",0.6772855668265575,n,n,n,n,n,n,n,y,y,y
1999-03-04,A estabilidade dos preços em regime de câmbio flutuante é garantida pela austeridade fiscal sustentada e por um sistema de austeridade monetária compatível com a política fiscal.,0.6306293404597954,y,n,n,n,n,n,n,y,y,y
2003-10-22,"Ainda segundo a CNI, o indicador de estoques de produtos finais recuou para 51, 4 pontos no terceiro trimestre, ante 54, 2 pontos no trimestre anterior, sendo maior nas grandes empresas, 53, 1, e de 50, 5 nas pequenas e médias empresas.",0.7858668960345905,n,n,n,n,n,n,n,n,y,y
2005-11-23,"Apesar desse quadro, no qual há incertezas relevantes, o Copom permanece atribuindo baixa probabilidade a um cenário de deterioração significativa nos mercados financeiros internacionais.",0.6161669740552086,n,n,n,n,n,n,n,y,y,y
2005-07-20,"Dando continuidade à diversificação da pauta brasileira, observada nos últimos dois anos, outros produtos com pequena participação têm apresentado significativa ampliação de vendas.",0.6324833552800911,n,n,n,n,n,n,n,y,y,y
1998-07-29,"Uma das razões para esta redução está vinculada ao processo de substituição dos títulos com rentabilidade prefixada (o total de Bônus do Banco Central-BBC se reduziu de R$ 50 bilhões para 5 bilhões) pelas LBC e LFT, já que os detentores de títulos com rentabilidade pós-fixada dispensam proteção frente a eventuais elevações na taxa de juros, de forma que a menor oferta de contratos para as taxas de juros provocou a elevação do PU, ou seja, a redução das taxas.",0.6216939404494356,n,n,n,n,n,n,n,y,y,y
2003-09-17,"Nas suas intervenções no mercado aberto, o Banco Central realizou semanalmente operações compromissadas com prazo de duas semanas e manteve as operações diárias de nivelamento da liquidez bancária.",0.6706706917796752,n,n,n,n,n,n,n,y,y,y
2010-10-20,"Esse comportamento dos preços dos alimentos refletiu, em parte, choques de oferta domésticos e externos, cujos impactos, possivelmente, foram potencializados pelo ambiente de alta volatilidade nos mercados financeiros internacionais.",0.586450046836267,y,n,n,n,n,n,y,y,y,y
2000-12-20,"Segundo dados da CNI, ajustados sazonalmente, o nível de utilização da capacidade instalada na indústria de transformação atingiu 80, 9% em outubro.",0.7174409329895073,n,n,n,n,n,n,n,n,y,y
2004-09-15,"Assim, embora o desempenho dos investimentos esteja se mostrando particularmente promissor desde o início do atual ciclo de crescimento, o ritmo de retomada do produto efetivo também tem sido mais intenso do que a norma, o que deixa margem, neste estágio preliminar do ciclo, para as incertezas mencionadas em Notas anteriores sobre a velocidade de preenchimento do hiato do produto.",0.6558396119705765,n,n,n,n,n,n,n,y,y,y
1998-07-29,Os pagamentos de empréstimos de curto prazo tomados sob os critérios da Resolução 2148 direcionada para o setor agro-industrial (63 Caipira) intensificaram-se a partir de junho.,0.6065095895003539,n,n,n,n,n,n,n,y,y,y
1998-09-10,A Diretoria Colegiada analisou a evolução recente e as perspectivas da economia brasileira e da economia internacional tendo presente a crise internacional e os recentes reflexos sobre a economia brasileira.,0.6655492205735235,n,n,n,n,n,n,n,y,y,y
2006-11-29,"Após recuarem no bimestre junho–julho, as vendas no comércio varejista mostraram forte recuperação no bimestre seguinte, com altas mensais de 2, 7% em agosto e 2, 1% em setembro, segundo dados dessazonalizados do IBGE.",0.669167336176798,n,n,n,n,n,n,n,y,y,y
2012-07-11,"a projeção de reajuste, construída item a item, para o conjunto de preços administrados por contrato e monitorados para o acumulado de 2012, reduziu-se para 3, 6%, ante 4, 0% considerados na reunião do Copom de maio;.",0.6334046385486518,y,n,n,n,n,n,n,y,y,y
1999-06-23,"Verificaram-se quedas de 15, 84% na produção de bens de capital, de 6, 85% nos insumos da construção civil e de 24, 35% na importação de bens de capital.",0.6523311905794186,n,n,n,n,n,n,n,y,y,y
2006-11-29,"Considerando-se as hipóteses do cenário de referência, que leva em conta a manutenção da taxa de câmbio em R$2, 15 e da taxa Selic em 13, 75%, em todo o horizonte de previsão, a projeção para o IPCA em 2006 elevou-se em relação ao valor considerado na reunião do Copom de outubro, permanecendo abaixo do valor de 4, 50% estipulado pelo CMN para o centro da meta deste ano.",0.5687147280174608,y,n,n,n,n,n,y,y,y,y
2006-01-18,"A projeção estimada com base no cenário de mercado, que incorpora as trajetórias para a taxa de câmbio e para a taxa Selic esperadas pelos analistas do setor privado no período imediatamente anterior à reunião do Copom, também apresentou elevação em relação ao valor estimado em dezembro, permanecendo acima da meta de 4, 50% para 2006.",0.5692454194181905,n,n,n,n,n,n,y,y,y,y
2012-10-10,"O Índice de Atividade Econômica do Banco Central (IBC-Br) incorpora estimativa para a produção mensal dos três setores da economia, bem como para os impostos sobre produtos, e constitui importante indicador coincidente da atividade econômica.",0.6399595296186279,n,n,n,n,n,n,n,y,y,y
2002-02-20,"Relativamente às importações, houve redução em todas as categorias de produtos em relação a janeiro de 2001, em momento de recuperação da economia interna Há, portanto, sinais de substituição de importação, principalmente de matérias-primas e bens intermediários, por produção doméstica, devido a depreciação de cerca de 20% na taxa de câmbio.",0.6647100881206088,n,n,n,n,n,n,n,y,y,y
2010-10-20,"Ao final da reunião, foi registrado que o Comitê voltará a se reunir em 7 de dezembro de 2010, para as apresentações técnicas, e no dia seguinte, para deliberar sobre a política monetária, conforme estabelecido pelo Comunicado nº 18.",0.6317652058368408,n,n,n,n,n,n,n,y,y,y
2010-04-28,"O Copom considera importante ressaltar, mais uma vez, que há defasagens importantes entre a implementação da política monetária e seus efeitos tanto sobre o nível de atividade como sobre a inflação.",0.57183057197368,y,n,n,n,n,n,y,y,y,y
2002-01-23,"Considerando-se o indicador geral, há de se notar que, em comparação ao mesmo período do ano anterior, o índice situou-se em patamar expressivamente superior nos 2º e 3º trimestres de 2001, reflexo dos choques ocorridos no período.",0.6446494435387674,y,n,n,n,n,n,n,y,y,y
2023-05-03,"No cenário de referência, a trajetória para a taxa de juros é extraída da pesquisa Focus e a taxa de câmbio parte de USD/BRL 5, 05 2, evoluindo segundo a paridade do poder de compra (PPC).",0.571910211471368,n,n,n,n,n,n,y,y,y,y
2013-07-10,"Na administração da liquidez do mercado de reservas bancárias, o Banco Central realizou, de 28 de maio a 8 de julho, diariamente, operações compromissadas de prazo de três meses, tomando recursos no valor total de R$93, 8 bilhões e, semanalmente, operações compromissadas de prazo de seis meses, tomando recursos no valor de R$15, 3 bilhões no total.",0.6296043990051835,n,n,n,n,n,n,n,y,y,y
2004-11-17,"No campo doméstico, o impacto advindo da elevação recente do preço do álcool ocupou boa parte do espaço restante na projeção de 9, 5% para o reajuste total do preço da gasolina ao longo de 2004, que, mesmo assim, foi mantida pelo Copom como hipótese de trabalho.",0.6292329207930158,y,n,n,n,n,n,n,y,y,y
2014-01-15,"Essas operações totalizaram o equivalente a US$22, 6 bilhões, dos quais US$12, 0 bilhões referentes à rolagem de contratos com vencimentos em 2 de dezembro de 2013 e 2 de janeiro de 2014.",0.6499768157615008,n,n,n,n,n,n,n,y,y,y
2011-04-20,"As vendas de autoveículos cresceram 4, 7% no acumulado do ano, com ênfase nos aumentos de 26, 7% e de 25, 9%, respectivamente, dos segmentos relativos a Caminhões e ônibus, e de 8, 9% no acumulado dos doze meses encerrados em março, destacando-se a expansão de 39, 5% em caminhões.",0.6917026423254624,n,n,n,n,n,n,n,y,y,y
2002-06-19,"A taxa média de juros prefixado das operações de crédito cresceu 0, 4   em maio, tendência determinada pela elevação das taxas de juros no mercado futuro, que elevou o custo médio de captação.",0.5346281323028192,n,n,n,n,n,n,y,y,y,y
2012-11-28,"Entre 9 de outubro e 26 de novembro, o Banco Central realizou leilões de cambial reverso de vencimento em dezembro de 2012 e em janeiro de 2013, totalizando o equivalente a US$3, 1 bilhões.",0.6043222395946202,n,n,n,n,n,n,n,y,y,y
2015-11-25,"No cenário de mercado, que leva em conta as trajetórias de câmbio e de juros coletadas pelo Gerin com analistas de mercado, no período imediatamente anterior à reunião do Copom, as projeções de inflação para 2015 e 2016 também se elevaram em relação ao valor considerado na reunião de outubro e permanecem acima da meta para a inflação.",0.5319095183673952,y,n,n,n,n,n,y,y,y,y
2010-09-01,"Apesar de reconhecer que um elevado grau de incerteza envolve o dimensionamento de variáveis não observáveis, o Copom considera que as estimativas mais pessimistas sobre o nível atual da taxa de juro real neutra tendem, com probabilidade significativa, a não encontrar amparo nos fundamentos.",0.578951789214477,n,n,n,n,n,n,y,y,y,y
2001-04-18,"Em conseqüência, espera-se uma redução na oferta de crédito pelos intermediários financeiros, o que pode conduzir à moderação do crescimento econômico.",0.6304607754206588,n,n,n,n,n,n,n,y,y,y
2006-01-18,"A projeção dos reajustes do conjunto de itens administrados por contrato e monitorados para 2007, baseada no modelo de determinação endógena de preços administrados, permaneceu em 6, 2%, quando comparado com o valor apresentado no de dezembro.",0.6432236201921748,y,n,n,n,n,n,n,y,y,y
2004-03-17,"No comportamento das médias móveis trimestrais observa-se uma tendência de continuidade do crescimento da produção industrial, porém a taxas inferiores às que vinham sendo registradas no último trimestre de 2003.",0.6855457438092546,n,n,n,n,n,n,n,y,y,y
2009-03-11,"Em comparação com janeiro de 2008, todas as variáveis apresentaram quedas: faturamento real,-13, 4%; horas trabalhadas na produção,-6, 5%; e utilização da capacidade instalada,-5, 1.",0.5766669291715856,n,n,n,n,n,n,y,y,y,y
2009-12-09,"A construção civil, setor líder, com crescimento acumulado no ano de 5, 8%, e os serviços continuaram abrindo vagas nesse mês (26, 2 e 69, 6 mil postos, respectivamente).",0.7425198282147383,n,n,n,n,n,n,n,n,y,y
2002-12-18,"Quanto aos índices de expectativas dos consumidores, há números positivos na França e na Itália e recuos na Alemanha e nos indicadores da região.",0.6990122450016738,n,n,n,n,n,n,n,y,y,y
2013-05-29,"No âmbito dos preços livres, ressalte-se a desaceleração dos preços dos bens não comercializáveis, de 0, 98% para 0, 60%, com serviços variando 0, 52% ante 0, 51% em abril, e a aceleração, de 0, 09% para 0, 32%, nos preços dos bens comercializáveis.",0.604638889102445,y,n,n,n,n,n,n,y,y,y
2023-03-22,"Como esperado, dada a maior defasagem em relação ao ciclo econômico, somente em período recente o mercado de trabalho exibiu evidências de desaceleração moderada, compatível com a expectativa do Comitê de uma moderação do ritmo da atividade econômica.",0.63521760699909,n,n,n,n,n,n,n,y,y,y
2013-05-29,"O Índice – Brasil (IC-Br) recuou 1, 93% em abril, após redução de 1, 82% em março, ocorrendo desvalorização de 1, 50%, 1, 61% e 3, 75% nos segmentos de energéticas, agropecuárias e metálicas, respectivamente.",0.5521192720897409,y,n,n,n,n,n,y,y,y,y
2012-07-11,"Em relação aos preços livres, que variaram 0, 06% em junho ante 0, 37% em maio, o movimento decorreu exclusivamente do comportamento dos preços de bens comercializáveis, de 0, 49% para-0, 31%, e os preços de produtos não comercializáveis aceleraram de 0, 27% para 0, 39%, fortemente influenciados pela elevação dos preços dos serviços, com variação de 0, 52% ante 0, 21% em maio.",0.609409018372508,y,n,n,n,n,n,n,y,y,y
2005-08-17,"No início do mês de agosto, porém, a curva de juros voltou a aproximar-se do patamar anterior à reunião, diante da queda nos índices de inflação corrente, bem como nas expectativas inflacionárias, e da melhora do cenário externo, com o recuo do risco-país e da taxa de câmbio.",0.5269765333439592,y,n,n,n,n,n,y,y,y,y
2009-09-02,"O grupo habitação registrou alta de 0, 85% comparativamente a 0, 66% em julho, exercendo a maior pressão sobre o resultado de agosto (0, 11   ), sobretudo o item energia elétrica residencial, cujo impacto individual alcançou 0, 07.",0.6872956285802285,y,n,n,n,n,n,n,y,y,y
2004-12-15,"As carteiras destinadas a pessoas jurídicas com recursos domésticos registraram crescimento de 2, 5% no mês, como reflexo, principalmente do aumento sazonal da demanda no período.",0.6942959101874313,n,n,n,n,n,n,n,y,y,y
2008-04-16,"Por outro lado, o forte crescimento apresentado por grandes economias emergentes da Ásia, que, até agora, aparentemente foram pouco afetadas pela crise hipotecária nos EUA, tem constituído contraponto aos efeitos da desaceleração das economias maduras.",0.6442692164305308,n,n,n,n,n,n,n,y,y,y
2002-07-17,O evento objetivou propiciar menor volatilidade das cotas dos fundos de investimento detentores de títulos e swaps cambiais (devido à evolução assimétrica das curvas de cupom cambial dos dois instrumentos) e a diminuição do volume de garantias depositadas na BM&amp;.,0.6313720735672845,n,n,n,n,n,n,n,y,y,y
2006-08-30,"Tal como na reunião de julho, o Copom enfatiza que o principal desafio da política monetária nesse contexto é garantir a consolidação dos desenvolvimentos favoráveis que se antecipam para o futuro.",0.6344594919119129,n,n,n,n,n,n,n,y,y,y
2010-10-20,"No cenário de mercado, que leva em conta as trajetórias de câmbio e de juros coletadas pela Gerin junto a analistas no período imediatamente anterior à reunião do Copom, a projeção de inflação para 2010 também se elevou, e se encontra sensivelmente acima do valor central da meta para a inflação.",0.4899467522648071,y,n,n,n,n,y,y,y,y,y
2011-10-19,"Para o Copom, acumulam-se evidências apoiando a visão de que a transmissão dos desenvolvimentos externos para a economia brasileira se materializa por intermédio de diversos canais, entre outros, redução da corrente de comércio, moderação do fluxo de investimentos, condições de crédito mais restritivas e piora no sentimento de consumidores e de empresários.",0.6086993955905335,n,n,n,n,n,n,n,y,y,y
2002-12-18,"Dados da Sondagem Conjuntural da Fundação Getulio Vargas mostram que o índice atingiu 80, 4% em outubro, ante 79% em julho e 79, 8% em igual mês de 2001.",0.6866395774583129,y,n,n,n,n,n,n,y,y,y
1998-03-04,"Os principais fatores que contribuíram para essa ocorrência foram o conhecimento de que organismos internacionais e países desenvolvidos estão empenhados na superação dos efeitos da crise asiática, a recuperação das reservas internacionais brasileiras e o avanço das reformas administrativa e previdenciária no Congresso.",0.6467863087194253,n,n,n,n,n,n,n,y,y,y
2024-12-11,"Em particular, o ritmo de crescimento do consumo das famílias e da formação bruta de capital fixo indica uma demanda interna crescendo em ritmo bastante intenso, apesar da política monetária contracionista.",0.5449210483480798,n,n,n,n,n,n,y,y,y,y
2012-03-07,"Considerados períodos de doze meses até fevereiro, os preços livres e monitorados desaceleraram em relação a janeiro, passando respectivamente de 6, 49% para 5, 98%, e de 6, 29% para 5, 93%.",0.5738578999882641,y,n,n,n,n,n,y,y,y,y
2003-10-22,"As estatísticas da ACSP mostraram que a taxa de inadimplência permaneceu em 4% em setembro e em 5, 6% na média de 2003 até setembro, comparativamente à taxa média de 6, 4% registrada no ano passado.",0.6746153837816233,n,n,n,n,n,n,n,y,y,y
2003-02-19,"A produção industrial nesse mesmo mês interrompeu a trajetória de crescimento verificada nos seis meses anteriores, e, com base em indicadores antecedentes, estima-se que deverá também recuar em janeiro.",0.7013286066856729,n,n,n,n,n,n,n,n,y,y
2017-12-06,"Todos os membros do Comitê voltaram a enfatizar que a aprovação e implementação das reformas, notadamente as de natureza fiscal, e de ajustes na economia brasileira são fundamentais para a sustentabilidade do ambiente com inflação baixa e estável, para o funcionamento pleno da política monetária e para a redução da taxa de juros estrutural da economia, com amplos benefícios para a sociedade.",0.5572755760755712,y,n,n,n,n,n,y,y,y,y
2001-07-18,"Em relação aos novos créditos, no mesmo período, as concessões médias diárias contratadas com as empresas cresceram 5, 8% e as contratadas pelas famílias, 3, 2%.",0.7030822575216583,n,n,n,n,n,n,n,n,y,y
2023-03-22,"Entre os riscos de baixa, ressaltam-se (i) uma queda adicional dos preços das commodities internacionais em moeda local; (ii) uma desaceleração da atividade econômica global mais acentuada do que a projetada, em particular em função de condições adversas no sistema financeiro global; e (iii) uma desaceleração na concessão doméstica de crédito maior do que seria compatível com o atual estágio do ciclo de política monetária.",0.5453635764690477,y,n,n,n,n,n,y,y,y,y
2003-05-21,"A produção industrial brasileira mostrou redução de 3, 4% em março na série dessazonalizada, comparativamente à do mês anterior, segundo a pesquisa mensal do IBGE.",0.6956959884710098,n,n,n,n,n,n,n,y,y,y
2010-09-01,"Evidências a esse respeito são oferecidas, entre outros, pelo cumprimento das metas para a inflação nos últimos seis anos, ao mesmo tempo em que as taxas reais de juros recuaram.",0.4827640167597872,y,n,n,n,n,y,y,y,y,y
2012-01-18,"As vendas de autoveículos pelas concessionárias, incluindo automóveis, comerciais leves, caminhões e ônibus, registraram retração mensal de 1, 6% em dezembro, após elevação de 6% em novembro, de acordo com dados da Federação Nacional da Distribuição de Veículos Automotores (Fenabrave), dessazonalizados pelo Banco Central.",0.6790415496954183,n,n,n,n,n,n,n,y,y,y
2016-07-20,"No entanto, a dinâmica da recuperação da economia global permanece frágil, com incertezas quanto ao seu crescimento e riscos deflacionários em importantes economias desenvolvidas.",0.6641787913968945,y,n,n,n,n,n,n,y,y,y
2009-03-11,"Diante do aprofundamento das restrições ao crédito, da crise nos sistemas financeiros e do atual comportamento da inflação, os bancos centrais, tanto das economias maduras quanto das economias emergentes, foram instados a aumentar o volume de recursos injetados em seus sistemas financeiros e a aprofundar a flexibilização de suas políticas monetárias, de modo a mitigar o risco de deflação, em especial nas economias maduras e na China.",0.5542716667701026,y,n,n,n,n,n,y,y,y,y
2005-02-16,"Apesar da desaceleração na margem, as taxas anualizadas dos núcleos, segundo os três critérios, estão ainda em níveis elevados, incompatíveis com a trajetória de metas para a inflação.",0.5253387370999174,y,n,n,n,n,n,y,y,y,y
2023-09-20,"Por fim, o Comitê avalia que parte da incerteza observada nos mercados, com elevação de prêmios de risco e da inflação implícita, estava anteriormente mais em torno do desenho final do arcabouço fiscal e atualmente se refere mais à execução das medidas de receita e despesas compatíveis com o arcabouço e o atingimento das metas fiscais.",0.5846436888231497,y,n,n,n,n,n,y,y,y,y
2003-07-23,"Tiveram influência para a queda a maior oferta de cana, de feijão e de milho, este afetando os preços de carnes, sobretudo frango, que registrou declínio de 2, 3%.",0.6299418716889612,y,n,n,n,n,n,n,y,y,y
2001-09-19,"projeta-se uma inclinação para a curva de juros doméstica-definida pela diferença entre as taxas de 180 dias e a Selic de um dia-com média próxima a 500 pontos-base no terceiro trimestre de 2001, que declina linearmente para uma média de 300 pontos-base ao final de 2002;.",0.4946482007696955,n,n,n,n,n,y,y,y,y,y
2005-11-23,"Por sua vez, o crescimento do IPA-DI deveu-se à variação de 0, 32% nos preços bens de consumo – alavancada pelo incremento dos preços dos bens de consumo não duráveis – e de 1, 02% nos preços dos bens de capital.",0.5475603023382868,y,n,n,n,n,n,y,y,y,y
2001-05-23,A elevação da meta para a Taxa Selic nas duas últimas reuniões do COPOM e o resgate líquido de LTN explicam a redução da dívida prefixada desde o início de março.,0.5907328129730517,n,n,n,n,n,n,y,y,y,y
2011-01-19,"Esses desenvolvimentos tendem a ser transmitidos ao cenário prospectivo, entre outros mecanismos, via inércia, como, de resto, apontam as projeções de inflação com as quais o Comitê trabalha, bem como as projeções de analistas de mercado.",0.5364213823373084,y,n,n,n,n,n,y,y,y,y
